position	sentiment
0	0.075
28	0.075
201	0.075
202	0.075
273	0.120833333333
358	0.120833333333
439	0.075
578	0.075
579	0.0291666666667
640	0.075
693	0.075
694	0.075
