position	sentiment
0	0.0854166666667
42	0.0854166666667
112	0.0770833333333
220	0.0419270833333
356	0.0419270833333
477	0.0419270833333
556	0.0411458333333
746	0.00677083333333
