position	sentiment
0	0.0916666666667
34	0.0916666666667
105	0.0916666666667
177	0.151666666667
220	0.0783333333333
256	0.0783333333333
449	0.0783333333333
587	0.0508333333333
745	0.065
814	0.065
