position	sentiment
0	-0.075
46	-0.075
149	-0.084375
253	-0.021875
411	-0.034375
472	-0.034375
651	-0.046875
773	0.01875
